{
  "accuracy": 0.732616728249916,
  "f1_macro": 0.717664583609516,
  "pr_auc_macro": 0.7881097252535416,
  "pr_auc_confirmed": 0.7346557612961914,
  "confusion_matrix": [
    [
      991,
      77,
      170
    ],
    [
      232,
      350,
      35
    ],
    [
      238,
      44,
      840
    ]
  ]
}