{
  "accuracy": 0.6204232448773933,
  "f1_macro": 0.5892875117534285,
  "pr_auc_macro": 0.6204220024075862,
  "pr_auc_confirmed": 0.41868197902219284,
  "confusion_matrix": [
    [
      873,
      151,
      214
    ],
    [
      245,
      259,
      113
    ],
    [
      246,
      161,
      715
    ]
  ]
}