{
  "accuracy": 0.6274773261672825,
  "f1_macro": 0.6024522285401614,
  "pr_auc_macro": 0.6068323158685928,
  "pr_auc_confirmed": 0.4058969672957145,
  "confusion_matrix": [
    [
      917,
      191,
      130
    ],
    [
      196,
      321,
      100
    ],
    [
      221,
      271,
      630
    ]
  ]
}