{
  "accuracy": 0.7309371850856567,
  "f1_macro": 0.7136633665316149,
  "pr_auc_macro": 0.7861744682339536,
  "pr_auc_confirmed": 0.729690992894115,
  "confusion_matrix": [
    [
      994,
      82,
      162
    ],
    [
      241,
      342,
      34
    ],
    [
      234,
      48,
      840
    ]
  ]
}