{
  "accuracy": 0.7289217332885455,
  "f1_macro": 0.7106975599559996,
  "pr_auc_macro": 0.7769227983668664,
  "pr_auc_confirmed": 0.7159791638777077,
  "confusion_matrix": [
    [
      990,
      86,
      162
    ],
    [
      241,
      340,
      36
    ],
    [
      229,
      53,
      840
    ]
  ]
}