{
  "accuracy": 0.7363117232112866,
  "f1_macro": 0.715677438862811,
  "pr_auc_macro": 0.7728203790577167,
  "pr_auc_confirmed": 0.7014770074395904,
  "confusion_matrix": [
    [
      1032,
      68,
      138
    ],
    [
      246,
      336,
      35
    ],
    [
      232,
      66,
      824
    ]
  ]
}