{
  "accuracy": 0.7306012764528048,
  "f1_macro": 0.7173562229487049,
  "pr_auc_macro": 0.7775608312802138,
  "pr_auc_confirmed": 0.7197051105380571,
  "confusion_matrix": [
    [
      972,
      90,
      176
    ],
    [
      223,
      359,
      35
    ],
    [
      237,
      41,
      844
    ]
  ]
}